{
  "specName": "ToolTipIcons.spec.js",
  "title": "Non-timed",
  "suiteName": "LMS-11064",
  "testId": "r3",
  "testName": "LMS-11064 Non-timed",
  "testError": "`cy.click()` can only be called on a single element. Your subject contained 4 elements. Pass `{ multiple: true }` if you want to serially click each element.",
  "testCommands": [
    "visit http://localhost:8080/?launchId=dev00001",
    "xhr  GET http://localhost:8080/was/ui/v2/config/was-config.json",
    "xhr  GET http://localhost:8080/api/v1/launches/dev00001",
    "xhr  GET http://localhost:8080/sockjs-node/info?t=1595941270737",
    "xhr  STUBBED GET http://localhost:8080/api/v1/master/assessments?product=hhfsjdkjsh3537gfhjf45363jhjjd&author=Wiley&sortby=title&order=asc",
    "xhr  STUBBED GET http://localhost:8080/api/v1/master/assessments?product=hhfsjdkjsh3537gfhjf45363jhjjd&author=8627648377357846734694947gy6sf5jhf&sortby=title&order=asc",
    "wait @masterAssessment",
    "get [data-testid=\"assessmentDiscoveryQuestionSetDropDownButton\"]",
    "click "
  ]
}
