{
  "specName": "__all",
  "title": "LMS-10280 delete My Question Set",
  "suiteName": "Delete Question set action of My Question set and Wiley Question set assessment discovery page",
  "testId": "r4",
  "testName": "Delete Question set action of My Question set and Wiley Question set assessment discovery page LMS-10280 delete My Question Set",
  "testError": "Timed out retrying: $element.get(...).click is not a function",
  "testCommands": [
    "visit http://localhost:8080/?launchId=dev00001&assessmentDiscovery=[object Object]#/applaunch",
    "xhr  GET http://localhost:8080/was/ui/v2/config/was-config.json",
    "get svg[class^=\"MuiCircularProgress\"]",
    "assert expected **<svg.MuiCircularProgress-svg>** not to be **visible**",
    "xhr  GET http://localhost:8080/api/v1/launches/dev00001",
    "xhr  GET http://localhost:8080/sockjs-node/info?t=1597747164498",
    "xhr  GET http://localhost:8080/api/v1/master/assessments?product=hhfsjdkjsh3537gfhjf45363jhjjd&author=Wiley&sortby=title&order=asc",
    "xhr  GET http://localhost:8080/api/v1/master/assessments?product=hhfsjdkjsh3537gfhjf45363jhjjd&author=8627648377357846734694947gy6sf5jhf&sortby=title&order=asc",
    "new url http://localhost:8080/?launchId=dev00001&assessmentDiscovery=[object%20Object]#/discovery/author",
    "get [data-testid=\"assessmentDiscoveryQuestionSetElippsisIcon\"]"
  ]
}
