<!DOCTYPE suite SYSTEM "https://testng.org/testng-1.0.dtd">
<suite name="MyTestSuite" verbose="1" parallel="classes">

    <listeners>
        <listener class-name="com.mb.learning.TestNGListener"/>
    </listeners>

  <!--  <parameter name="browser" value="chrome"/>

    <test name="RegressionTest">
        <parameter name="environment" value="staging"/>
        <classes>
            <class name="com.example.tests.LoginTest"/>
            <class name="com.example.tests.DashboardTest">
                <methods>
                    <include name="testDashboardDisplay"/>
                    <exclude name="testOldFeature"/>
                </methods>
            </class>
        </classes>
        <groups>
            <run>
                <include name="smoke"/>
                <exclude name="slowTests"/>
            </run>
        </groups>
    </test>
    &ndash;&gt;-->

    <parameter name="browser" value="chrome"/>
    <test name="SanityTest Chrome">
        <classes>
            <class name="com.mb.learning.FirstTestScript"/>
        </classes>
    </test>

    <parameter name="browser" value="firefox"/>
    <test name="SanityTest FireFox">
        <classes>
            <class name="com.mb.learning.FirstTestScript"/>
        </classes>
    </test>

</suite>