{
	"courseId":"3015",
	"courseType":"External",
	"contextId":"01efe0105d589d19049b46268ba051d08e072bd5",
	"userId": "8627648377357846734694947gy6sf5jhf",
	"productId": "hhfsjdkjsh3537gfhjf45363jhjjd",
	"assessmentStarted":null,
	"extraTimeApplied":null,
	"wasMasterAssessmentServiceUrl":"https://was-qa2.api.wiley.com/was/qa2/v1",
	"wasQCardServiceUrl":"https://was-qa2.api.wiley.com/was/qa2/v1",
	"questionRenderingQueueStartCount":"5",
	"wasAssessmentDiscoveryUrl":"https://was-qa2.api.wiley.com/was/qa2/v1/assessment-discovery",
	"wasPolicyServiceUrl":"https://was-qa2.api.wiley.com/was/qa2/v1/policy",
	"addExtraTime":null,
	"wasQuestionPlayerUrl":"https://was-qa2.api.wiley.com/was/qa2/v1/frontpage",
	"wasMasterServiceUrl":"https://was-qa2.api.wiley.com/was/qa2/v1",
	"wasProductServiceUrl":"https://was-qa2.api.wiley.com/was/qa2/v1",
	"wasUserServiceUrl":"https://was-qa2.api.wiley.com/was/qa2/v1/users",
	"wasAssessmentServiceUrl":"",
	"wpngConsumersServiceUrl":"https://education-qa.wiley.com/wpng/api/v1/consumers",
	"wpngProctoringServiceUrl":"https://was-qa.api.wiley.com/was/v1/policy/proctor",
	"intercomAppId":"wfuoce7c",
	"wasAssessmentPlayerUrl":"https://was-qa2.api.wiley.com/was/qa2/v1/assessment-player",
	"features":{
		"highStakesProctoringFeatureEnabled":true,
		"kafkaStatusListenerEnabled":true,
		"gradableExcelFeatureEnabled":true,
		"intercomFeatureEnabled":true,
		"timedAssessmentFeatureEnabled":true,
		"autoGradesyncFeatureEnabled":true,
		"assessmentContextSearchEnabled":false,
		"autosubmitFeatureEnabled":true,
		"bestScoreFeatureEnabled":true,
		"eventSearchEnabled":false,
		"timedAccommodationFeatureEnabled":true
	}
}