{
  "count":2,
"items":[
{
      "id":"00048d6b-77a6-4a9b-8e1d-2ed54b44f6a0",
      "title":"Copy of Accommodated Qset",
      "type":"scored",
      "description":null,
      "productId":"22a446cf-3a2d-4add-8176-c3af5cffdf62",
      "author":"a275bbcff5e8f772f25aeeb1fe99565aa1590b6b",
      "orgRef":null,
      "items":[
        {
          "itemCardId":"1bb37a62-a03a-4289-a59f-cff882486437",
          "score":1.0,
          "published":true,
          "partWeight":[
            {
              "id":"EAT_1509969674879_1_9777143339408203",
              "weight":null
            },
            {
              "id":"EAT_1509969674904_1_7748585666934025",
              "weight":null
            },
            {
              "id":"EAT_1509969674930_1_1119563522618712",
              "weight":null
            },
            {
              "id":"EAT_1509969674956_1_6164290706086093",
              "weight":null
            },
            {
              "id":"EAT_1509969674982_1_0039925154631963",
              "weight":null
            },
            {
              "id":"EAT_1509969675009_1_0008947996090245",
              "weight":null
            },
            {
              "id":"EAT_1509969675039_1_8546075713427252",
              "weight":null
            },
            {
              "id":"EAT_1509969675068_1_4554461607121962",
              "weight":null
            },
            {
              "id":"EAT_1509969675096_1_4768867253692055",
              "weight":null
            },
            {
              "id":"EAT_1509969675122_1_9687500534209228",
              "weight":null
            },
            {
              "id":"EAT_1509969675148_1_1632427296193284",
              "weight":null
            },
            {
              "id":"EAT_1509969675173_1_2877785542500684",
              "weight":null
            }
          ],
          "itemType":"qCard",
          "type":0,
          "itemId":"1af626e7-6c7f-457c-83d8-39a80113fc13"
        },
        {
          "itemCardId":"8da9d61d-fbf9-4d17-86db-e56cfc6fd2ca",
          "score":1.0,
          "published":true,
          "partWeight":[
            {
              "id":"EAT_1511525650228_1_268668527749856",
              "weight":null
            },
            {
              "id":"EAT_1511525650282_1_2775027323337715",
              "weight":null
            },
            {
              "id":"EAT_1511525650336_1_107377793698299",
              "weight":null
            },
            {
              "id":"EAT_1511525650390_1_8300478279082761",
              "weight":null
            },
            {
              "id":"EAT_1511525650444_1_5587455412012559",
              "weight":null
            },
            {
              "id":"EAT_1511525650498_1_8888517837680434",
              "weight":null
            },
            {
              "id":"EAT_1511525650552_1_9810850454590958",
              "weight":null
            },
            {
              "id":"EAT_1511525650606_1_8663930496351635",
              "weight":null
            },
            {
              "id":"EAT_1511525650661_1_4414794151227799",
              "weight":null
            },
            {
              "id":"EAT_1511525650715_1_5301022212183761",
              "weight":null
            },
            {
              "id":"EAT_1511525650769_1_8859439259191415",
              "weight":null
            },
            {
              "id":"EAT_1511525650823_1_4984904473216378",
              "weight":null
            },
            {
              "id":"EAT_1511525650886_1_7573172921176567",
              "weight":null
            }
          ],
          "itemType":"qCard",
          "type":0,
          "itemId":"e64e1522-0599-4432-bf4b-b2b3d4eab617"
        },
        {
          "itemCardId":"cff56406-2a58-4c89-ac8b-48dc093a4feb",
          "score":1.0,
          "published":true,
          "itemType":"qCard",
          "type":0,
          "itemId":"593d398e-3477-4196-b722-ebb04a97029b"
        }
      ],
      "creationDate":"2019-12-11T08:13:05.164Z",
      "version":0,
      "syncProgress":null,
      "deleted":false,
      "orgIds":[

      ],
      "aPolicies":{
        "profileName":"Custom",
        "itemPolicies":{
          "attemptPolicy":{
            "maxAttempts":3,
            "attemptPenalty":{
              "attempt":3,
              "penalty":0.0
            }
          },
          "algorithmCalculationMode":"sameValues",
          "assistancePolicies":[
            {
              "assistanceType":"answer",
              "availableSinceAttempt":-1
            },
            {
              "assistanceType":"reference",
              "availableSinceAttempt":1
            },
            {
              "assistanceType":"hint",
              "availableSinceAttempt":2
            },
            {
              "assistanceType":"solution",
              "availableSinceAttempt":-1
            },
            {
              "assistanceType":"listOfAccounts",
              "availableSinceAttempt":1
            },
            {
              "assistanceType":"tutorial",
              "availableSinceAttempt":1
            }
          ],
          "dueDatePolicy":{
            "afterDueDateAccess":"viewWithAssistances",
            "penalties":[

            ]
          },
          "feedbackPolicy":"always",
          "evaluationPolicy":{
            "unitsWeight":0.1,
            "numericPolicy":{
              "defaultTolerance":2,
              "enableQuestionLevelTolerance":false,
              "enableQuestionLevelSignificantDigits":false,
              "showToleranceInfo":true,
              "significantDigitsInfo":"specific",
              "significantDigitsHelp":"passive"
            }
          },
          "shuffleResponseLabels":true,
          "timeDurationPolicy":{
            "applicable":true,
            "duration":88
          }
        },
        "accommodationRefId":"440cbc9d-66e9-4491-afe7-eb232a2fe452"
      }
    },
    {
      "id":"3770f1f6-4554-4f9f-b682-67d196995c9c",
      "title":"My Questions 1",
      "type":"scored",
      "description":null,
      "productId":"22a446cf-3a2d-4add-8176-c3af5cffdf62",
      "author":"a275bbcff5e8f772f25aeeb1fe99565aa1590b6b",
      "orgRef":null,
      "items":[
        {
          "itemCardId":"8c333ce5-aa14-494a-b8d4-f4c8176bd1e1",
          "score":1.0,
          "published":true,
          "itemType":"qCard",
          "type":0,
          "itemId":"b353201d-7fc5-44a6-a985-f051f9047f75"
        },
        {
          "itemCardId":"c1a621c1-435e-49ad-8db1-918d395face6",
          "score":1.0,
          "published":true,
          "itemType":"qCard",
          "type":0,
          "itemId":"9ada7724-7395-4969-8494-487ca30d1838"
        },
        {
          "itemCardId":"6b424281-ea30-4ad9-b003-871b0fc407ec",
          "score":1.0,
          "published":true,
          "itemType":"qCard",
          "type":0,
          "itemId":"37f54b7f-c591-4d58-be06-6c38b66cfb84"
        }
      ],
      "creationDate":"2020-03-23T11:21:45.925Z",
      "version":0,
      "syncProgress":null,
      "deleted":false,
      "orgIds":[

      ],
      "aPolicies":{
        "profileName":"Custom",
        "itemPolicies":{
          "attemptPolicy":{
            "maxAttempts":3,
            "attemptPenalty":{
              "attempt":3,
              "penalty":0.0
            }
          },
          "algorithmCalculationMode":"sameValues",
          "assistancePolicies":[
            {
              "assistanceType":"answer",
              "availableSinceAttempt":-1
            },
            {
              "assistanceType":"reference",
              "availableSinceAttempt":1
            },
            {
              "assistanceType":"hint",
              "availableSinceAttempt":2
            },
            {
              "assistanceType":"solution",
              "availableSinceAttempt":-1
            },
            {
              "assistanceType":"listOfAccounts",
              "availableSinceAttempt":1
            },
            {
              "assistanceType":"tutorial",
              "availableSinceAttempt":1
            }
          ],
          "dueDatePolicy":{
            "afterDueDateAccess":"viewWithAssistances",
            "penalties":[

            ]
          },
          "feedbackPolicy":"always",
          "evaluationPolicy":{
            "unitsWeight":0.1,
            "numericPolicy":{
              "defaultTolerance":2,
              "enableQuestionLevelTolerance":false,
              "enableQuestionLevelSignificantDigits":false,
              "showToleranceInfo":true,
              "significantDigitsInfo":"specific",
              "significantDigitsHelp":"passive"
            }
          },
          "shuffleResponseLabels":true,
          "scoreToKeep":"best",
          "timeDurationPolicy":{
            "applicable":true,
            "duration":3
          }
        },
        "accommodationRefId":null
      }
    }
  ]
}