{
    "services": {
        "was": {
            "baseUrl": "api",
            "paths": {
                "assessmentServiceUrl": "/v1/assessments",
                "assessmentDiscoveryUrl": "/v1/assessment-discovery",
                "launchServiceUrl": "/v1/launches",
                "masterAssessmentsServiceUrl": "/v1/master/assessments",
                "masterQuestionServiceUrl": "/v1/master/questions",
                "policyServiceUrl": "/v1/policy",
                "poolsServiceUrl": "/v1/poolcards",
                "productServiceUrl": "/v1/products",
                "questionCardServiceUrl": "/v1/questioncards",
                "questionServiceUrl": "/v1",
                "questionPlayerUrl": "/v1/frontpage",
                "userServiceUrl": "/v1/users"
            }
        },
        "wpng": {
            "baseUrl": "https://assessment.education.wiley.com",
            "paths": {
                "mathpadServiceUrl": "/was-mathpad",
                "outcomeServiceUrl": "/wpng/api/v1/outcomes",
                "consumersServiceUrl": "/wpng/api/v1/consumers"
            }
        }
    },
    "intercomAppId": "ulnb38da"
}

