{
   "count": 4,
   "items": [
      {
         "id": "00048d6b-77a6-4a9b-8e1d-2ed54b44f6a0",
         "title": "Non-Timed Question Set",
         "type": "scored",
         "description": null,
         "productId": "22a446cf-3a2d-4add-8176-c3af5cffdf62",
         "author": "a275bbcff5e8f772f25aeeb1fe99565aa1590b6b",
         "orgRef": null,
         "items": [
            {
               "itemCardId": "1bb37a62-a03a-4289-a59f-cff882486437",
               "score": 1.0,
               "published": true,
               "partWeight": [
                  {
                     "id": "EAT_1509969674879_1_9777143339408203",
                     "weight": null
                  },
                  {
                     "id": "EAT_1509969674904_1_7748585666934025",
                     "weight": null
                  },
                  {
                     "id": "EAT_1509969674930_1_1119563522618712",
                     "weight": null
                  },
                  {
                     "id": "EAT_1509969674956_1_6164290706086093",
                     "weight": null
                  },
                  {
                     "id": "EAT_1509969674982_1_0039925154631963",
                     "weight": null
                  },
                  {
                     "id": "EAT_1509969675009_1_0008947996090245",
                     "weight": null
                  },
                  {
                     "id": "EAT_1509969675039_1_8546075713427252",
                     "weight": null
                  },
                  {
                     "id": "EAT_1509969675068_1_4554461607121962",
                     "weight": null
                  },
                  {
                     "id": "EAT_1509969675096_1_4768867253692055",
                     "weight": null
                  },
                  {
                     "id": "EAT_1509969675122_1_9687500534209228",
                     "weight": null
                  },
                  {
                     "id": "EAT_1509969675148_1_1632427296193284",
                     "weight": null
                  },
                  {
                     "id": "EAT_1509969675173_1_2877785542500684",
                     "weight": null
                  }
               ],
               "itemType": "qCard",
               "type": 0,
               "itemId": "1af626e7-6c7f-457c-83d8-39a80113fc13"
            },
            {
               "itemCardId": "8da9d61d-fbf9-4d17-86db-e56cfc6fd2ca",
               "score": 1.0,
               "published": true,
               "partWeight": [
                  {
                     "id": "EAT_1511525650228_1_268668527749856",
                     "weight": null
                  },
                  {
                     "id": "EAT_1511525650282_1_2775027323337715",
                     "weight": null
                  },
                  {
                     "id": "EAT_1511525650336_1_107377793698299",
                     "weight": null
                  },
                  {
                     "id": "EAT_1511525650390_1_8300478279082761",
                     "weight": null
                  },
                  {
                     "id": "EAT_1511525650444_1_5587455412012559",
                     "weight": null
                  },
                  {
                     "id": "EAT_1511525650498_1_8888517837680434",
                     "weight": null
                  },
                  {
                     "id": "EAT_1511525650552_1_9810850454590958",
                     "weight": null
                  },
                  {
                     "id": "EAT_1511525650606_1_8663930496351635",
                     "weight": null
                  },
                  {
                     "id": "EAT_1511525650661_1_4414794151227799",
                     "weight": null
                  },
                  {
                     "id": "EAT_1511525650715_1_5301022212183761",
                     "weight": null
                  },
                  {
                     "id": "EAT_1511525650769_1_8859439259191415",
                     "weight": null
                  },
                  {
                     "id": "EAT_1511525650823_1_4984904473216378",
                     "weight": null
                  },
                  {
                     "id": "EAT_1511525650886_1_7573172921176567",
                     "weight": null
                  }
               ],
               "itemType": "qCard",
               "type": 0,
               "itemId": "e64e1522-0599-4432-bf4b-b2b3d4eab617"
            },
            {
               "itemCardId": "cff56406-2a58-4c89-ac8b-48dc093a4feb",
               "score": 1.0,
               "published": true,
               "itemType": "qCard",
               "type": 0,
               "itemId": "593d398e-3477-4196-b722-ebb04a97029b"
            }
         ],
         "creationDate": "2019-12-11T08:13:05.164Z",
         "version": 0,
         "syncProgress": null,
         "deleted": false,
         "orgIds": [],
         "showContentCovered": true,
         "aPolicies": {
            "profileName": "Custom",
            "itemPolicies": {
               "attemptPolicy": {
                  "maxAttempts": 3,
                  "attemptPenalty": {
                     "attempt": 3,
                     "penalty": 0.0
                  }
               },
               "algorithmCalculationMode": "sameValues",
               "assistancePolicies": [
                  {
                     "assistanceType": "answer",
                     "availableSinceAttempt": -1
                  },
                  {
                     "assistanceType": "reference",
                     "availableSinceAttempt": 1
                  },
                  {
                     "assistanceType": "hint",
                     "availableSinceAttempt": 2
                  },
                  {
                     "assistanceType": "solution",
                     "availableSinceAttempt": -1
                  },
                  {
                     "assistanceType": "listOfAccounts",
                     "availableSinceAttempt": 1
                  },
                  {
                     "assistanceType": "tutorial",
                     "availableSinceAttempt": 1
                  }
               ],
               "dueDatePolicy": {
                  "afterDueDateAccess": "viewWithAssistances",
                  "penalties": []
               },
               "feedbackPolicy": "always",
               "evaluationPolicy": {
                  "unitsWeight": 0.1,
                  "numericPolicy": {
                     "defaultTolerance": 2,
                     "enableQuestionLevelTolerance": false,
                     "enableQuestionLevelSignificantDigits": false,
                     "showToleranceInfo": true,
                     "significantDigitsInfo": "specific",
                     "significantDigitsHelp": "passive"
                  }
               },
               "shuffleResponseLabels": true,
               "securityPolicy": {
                  "applicable": false,
                  "password": " "
               },
               "timeDurationPolicy": {
                  "applicable": false,
                  "duration": 60
               }
            },
            "accommodationRefId": null
         }
      },
      {
         "id": "003811f7-5bbc-436b-961d-d7663860a179",
         "title": "Non-Timed Secure Question Set",
         "type": "scored",
         "description": null,
         "productId": "22a446cf-3a2d-4add-8176-c3af5cffdf62",
         "author": "a275bbcff5e8f772f25aeeb1fe99565aa1590b6b",
         "orgRef": null,
         "items": [
            {
               "itemCardId": "1bb37a62-a03a-4289-a59f-cff882486437",
               "score": 1.0,
               "published": true,
               "partWeight": [
                  {
                     "id": "EAT_1509969674879_1_9777143339408203",
                     "weight": null
                  },
                  {
                     "id": "EAT_1509969674904_1_7748585666934025",
                     "weight": null
                  },
                  {
                     "id": "EAT_1509969674930_1_1119563522618712",
                     "weight": null
                  },
                  {
                     "id": "EAT_1509969674956_1_6164290706086093",
                     "weight": null
                  },
                  {
                     "id": "EAT_1509969674982_1_0039925154631963",
                     "weight": null
                  },
                  {
                     "id": "EAT_1509969675009_1_0008947996090245",
                     "weight": null
                  },
                  {
                     "id": "EAT_1509969675039_1_8546075713427252",
                     "weight": null
                  },
                  {
                     "id": "EAT_1509969675068_1_4554461607121962",
                     "weight": null
                  },
                  {
                     "id": "EAT_1509969675096_1_4768867253692055",
                     "weight": null
                  },
                  {
                     "id": "EAT_1509969675122_1_9687500534209228",
                     "weight": null
                  },
                  {
                     "id": "EAT_1509969675148_1_1632427296193284",
                     "weight": null
                  },
                  {
                     "id": "EAT_1509969675173_1_2877785542500684",
                     "weight": null
                  }
               ],
               "itemType": "qCard",
               "type": 0,
               "itemId": "e21c241f-b209-4c50-8c69-f8a1023899c0"
            }
         ],
         "creationDate": "2019-09-25T05:52:01.654Z",
         "version": 0,
         "syncProgress": null,
         "deleted": false,
         "orgIds": [],
         "showContentCovered": true,
         "aPolicies": {
            "profileName": "Homework",
            "itemPolicies": {
               "attemptPolicy": {
                  "maxAttempts": 3
               },
               "algorithmCalculationMode": "sameValues",
               "assistancePolicies": [
                  {
                     "assistanceType": "answer",
                     "availableSinceAttempt": -1
                  },
                  {
                     "assistanceType": "reference",
                     "availableSinceAttempt": 1
                  },
                  {
                     "assistanceType": "hint",
                     "availableSinceAttempt": 2
                  },
                  {
                     "assistanceType": "solution",
                     "availableSinceAttempt": -1
                  },
                  {
                     "assistanceType": "listOfAccounts",
                     "availableSinceAttempt": 1
                  },
                  {
                     "assistanceType": "tutorial",
                     "availableSinceAttempt": 1
                  }
               ],
               "dueDatePolicy": {
                  "afterDueDateAccess": "viewWithAssistances"
               },
               "feedbackPolicy": "always",
               "evaluationPolicy": {
                  "unitsWeight": 0.1,
                  "numericPolicy": {
                     "defaultTolerance": 2,
                     "enableQuestionLevelTolerance": false,
                     "enableQuestionLevelSignificantDigits": false,
                     "showToleranceInfo": true,
                     "significantDigitsInfo": "specific",
                     "significantDigitsHelp": "passive"
                  }
               },
               "hideTitle": false,
               "shuffleResponseLabels": true,
               "securityPolicy": {
                  "applicable": true,
                  "password": "MyExam$123"
               },
               "scoreToKeep": "best",
               "timeDurationPolicy": {
                  "applicable": false,
                  "duration": 60
               }
            },
            "accommodationRefId": null
         }
      },
      {
         "id": "00d07c97-59ce-4a16-bb0e-58b5a726b5ef",
         "title": "Timed Question Set",
         "type": "scored",
         "description": null,
         "productId": "22a446cf-3a2d-4add-8176-c3af5cffdf62",
         "author": "a275bbcff5e8f772f25aeeb1fe99565aa1590b6b",
         "orgRef": null,
         "items": [
            {
               "itemCardId": "8c333ce5-aa14-494a-b8d4-f4c8176bd1e1",
               "score": 1.0,
               "published": true,
               "itemType": "qCard",
               "type": 0,
               "itemId": "ed0ae822-b7c6-4e30-a075-a5c95f2c9305"
            },
            {
               "itemCardId": "c1a621c1-435e-49ad-8db1-918d395face6",
               "score": 1.0,
               "published": true,
               "itemType": "qCard",
               "type": 0,
               "itemId": "f592e3a9-623e-49c8-9818-a3856cc72283"
            },
            {
               "itemCardId": "6b424281-ea30-4ad9-b003-871b0fc407ec",
               "score": 1.0,
               "published": true,
               "itemType": "qCard",
               "type": 0,
               "itemId": "68fcd9a9-a6dd-4f5e-82b0-d3ae258ebf60"
            }
         ],
         "creationDate": "2020-02-28T09:14:29.978Z",
         "version": 0,
         "syncProgress": null,
         "deleted": false,
         "orgIds": [],
         "showContentCovered": true,
         "aPolicies": {
            "profileName": "Custom",
            "itemPolicies": {
               "attemptPolicy": {
                  "maxAttempts": 3,
                  "attemptPenalty": {
                     "attempt": 3,
                     "penalty": 0.0
                  }
               },
               "algorithmCalculationMode": "sameValues",
               "assistancePolicies": [
                  {
                     "assistanceType": "answer",
                     "availableSinceAttempt": -1
                  },
                  {
                     "assistanceType": "reference",
                     "availableSinceAttempt": 1
                  },
                  {
                     "assistanceType": "hint",
                     "availableSinceAttempt": 2
                  },
                  {
                     "assistanceType": "solution",
                     "availableSinceAttempt": -1
                  },
                  {
                     "assistanceType": "listOfAccounts",
                     "availableSinceAttempt": 1
                  },
                  {
                     "assistanceType": "tutorial",
                     "availableSinceAttempt": 1
                  }
               ],
               "dueDatePolicy": {
                  "afterDueDateAccess": "yes",
                  "penalties": [
                     {
                        "shift": 0,
                        "penalty": 0.3
                     },
                     {
                        "shift": 2,
                        "penalty": 0.5
                     }
                  ],
                  "autoSubmit": false
               },
               "feedbackPolicy": "always",
               "evaluationPolicy": {
                  "unitsWeight": 0.1,
                  "numericPolicy": {
                     "defaultTolerance": 2,
                     "enableQuestionLevelTolerance": false,
                     "enableQuestionLevelSignificantDigits": false,
                     "showToleranceInfo": true,
                     "significantDigitsInfo": "specific",
                     "significantDigitsHelp": "passive"
                  }
               },
               "shuffleResponseLabels": true,
               "securityPolicy": {
                  "applicable": false,
                  "password": " "
               },
               "timeDurationPolicy": {
                  "applicable": true,
                  "duration": 40
               }
            },
            "accommodationRefId": "440cbc9d-66e9-4491-afe7-eb232a2fe452"
         }
      },
      {
         "id": "017a9cb1-7657-4956-a3f4-c527b1771c3a",
         "title": "Timed Secure Question Set",
         "type": "scored",
         "description": null,
         "productId": "22a446cf-3a2d-4add-8176-c3af5cffdf62",
         "author": "a275bbcff5e8f772f25aeeb1fe99565aa1590b6b",
         "orgRef": null,
         "items": [
            {
               "itemCardId": "c1a621c1-435e-49ad-8db1-918d395face6",
               "score": 1.0,
               "published": true,
               "itemType": "qCard",
               "type": 0,
               "itemId": "eb6d568f-35c9-4c0c-a315-b60b1151681a"
            },
            {
               "itemCardId": "6b424281-ea30-4ad9-b003-871b0fc407ec",
               "score": 1.0,
               "published": true,
               "itemType": "qCard",
               "type": 0,
               "itemId": "4eb8035a-e519-4520-b08e-1eb4cfe5cba1"
            },
            {
               "itemCardId": "e4b7c6d4-2216-4920-a39c-b7164934ca05",
               "score": 1.0,
               "published": true,
               "itemType": "qCard",
               "type": 0,
               "itemId": "faf35f7d-abca-4560-8e92-7a1a8c90983f"
            },
            {
               "itemCardId": "79197023-8292-48a4-8c0e-22191a5f1351",
               "score": 1.0,
               "published": true,
               "itemType": "qCard",
               "type": 0,
               "itemId": "ea3096b7-16af-4236-b29c-fe0da26c2ad1"
            }
         ],
         "creationDate": "2020-03-19T09:09:39.697Z",
         "version": 0,
         "syncProgress": null,
         "deleted": false,
         "orgIds": [],
         "showContentCovered": true,
         "aPolicies": {
            "profileName": "Custom",
            "itemPolicies": {
               "attemptPolicy": {
                  "maxAttempts": 3,
                  "attemptPenalty": {
                     "attempt": 3,
                     "penalty": 0.0
                  }
               },
               "algorithmCalculationMode": "sameValues",
               "assistancePolicies": [
                  {
                     "assistanceType": "answer",
                     "availableSinceAttempt": -1
                  },
                  {
                     "assistanceType": "reference",
                     "availableSinceAttempt": 1
                  },
                  {
                     "assistanceType": "hint",
                     "availableSinceAttempt": 2
                  },
                  {
                     "assistanceType": "solution",
                     "availableSinceAttempt": -1
                  },
                  {
                     "assistanceType": "listOfAccounts",
                     "availableSinceAttempt": 1
                  },
                  {
                     "assistanceType": "tutorial",
                     "availableSinceAttempt": 1
                  }
               ],
               "dueDatePolicy": {
                  "afterDueDateAccess": "viewWithAssistances",
                  "penalties": []
               },
               "feedbackPolicy": "always",
               "evaluationPolicy": {
                  "unitsWeight": 0.1,
                  "numericPolicy": {
                     "defaultTolerance": 2,
                     "enableQuestionLevelTolerance": false,
                     "enableQuestionLevelSignificantDigits": false,
                     "showToleranceInfo": true,
                     "significantDigitsInfo": "specific",
                     "significantDigitsHelp": "passive"
                  }
               },
               "shuffleResponseLabels": true,
               "securityPolicy": {
                  "applicable": true,
                  "password": "MyExam$123"
               },
               "timeDurationPolicy": {
                  "applicable": true,
                  "duration": 30
               }
            },
            "accommodationRefId": "440cbc9d-66e9-4491-afe7-eb232a2fe452"
         }
      }
   ]
}