{
	"count": 1,
	"items": [
		{
			"id": "cfaf97a0-45ab-4214-ad65-0964df3c3c1c",
			"title": "wiley assessment",
			"type": "scored",
			"description": null,
			"productId": "22a446cf-3a2d-4add-8176-c3af5cffdf62",
			"author": "Wiley",
			"orgRef": null,
			"items": [
				{
					"itemCardId": "f1c69895-490d-4536-b4a8-d5b7726756aa",
					"policies": {
						"attemptPolicy": {
							"maxAttempts": 3,
							"attemptPenalty": {
								"attempt": 3,
								"penalty": 0.0
							}
						},
						"algorithmCalculationMode": "sameValues",
						"assistancePolicies": [
							{
								"assistanceType": "hint",
								"availableSinceAttempt": 2,
								"penalty": 0.0
							},
							{
								"assistanceType": "solution",
								"availableSinceAttempt": -1,
								"penalty": 0.0
							},
							{
								"assistanceType": "listOfAccounts",
								"availableSinceAttempt": 1,
								"penalty": 0.0
							},
							{
								"assistanceType": "answer",
								"availableSinceAttempt": -1,
								"penalty": 0.0
							},
							{
								"assistanceType": "reference",
								"availableSinceAttempt": 1,
								"penalty": 0.0
							}
						],
						"evaluationPolicy": {
							"unitsWeight": 0.1,
							"numericPolicy": {
								"defaultTolerance": 2,
								"enableQuestionLevelTolerance": false,
								"enableQuestionLevelSignificantDigits": false,
								"showToleranceInfo": true,
								"significantDigitsInfo": "specific",
								"significantDigitsHelp": "passive"
							}
						},
						"shuffleResponseLabels": true
					},
					"published": true,
					"type": 0,
					"itemId": "04b388ba-62aa-4a24-b611-3e1a05bdb9b0"
				},
				{
					"itemCardId": "112943b8-77fb-4412-9083-a7ad72404328",
					"policies": {
						"attemptPolicy": {
							"maxAttempts": 3,
							"attemptPenalty": {
								"attempt": 3,
								"penalty": 0.0
							}
						},
						"algorithmCalculationMode": "sameValues",
						"assistancePolicies": [
							{
								"assistanceType": "hint",
								"availableSinceAttempt": 2,
								"penalty": 0.0
							},
							{
								"assistanceType": "solution",
								"availableSinceAttempt": -1,
								"penalty": 0.0
							},
							{
								"assistanceType": "listOfAccounts",
								"availableSinceAttempt": 1,
								"penalty": 0.0
							},
							{
								"assistanceType": "answer",
								"availableSinceAttempt": -1,
								"penalty": 0.0
							},
							{
								"assistanceType": "reference",
								"availableSinceAttempt": 1,
								"penalty": 0.0
							}
						],
						"evaluationPolicy": {
							"unitsWeight": 0.1,
							"numericPolicy": {
								"defaultTolerance": 2,
								"enableQuestionLevelTolerance": false,
								"enableQuestionLevelSignificantDigits": false,
								"showToleranceInfo": true,
								"significantDigitsInfo": "specific",
								"significantDigitsHelp": "passive"
							}
						},
						"shuffleResponseLabels": true
					},
					"published": true,
					"type": 0,
					"itemId": "349c4d45-c9bf-4b0b-936e-b2160dc2e24f"
				},
				{
					"itemCardId": "11921e9d-4a48-4a99-8dc6-3397bf5dde54",
					"policies": {
						"attemptPolicy": {
							"maxAttempts": 3,
							"attemptPenalty": {
								"attempt": 3,
								"penalty": 0.0
							}
						},
						"algorithmCalculationMode": "sameValues",
						"assistancePolicies": [
							{
								"assistanceType": "hint",
								"availableSinceAttempt": 2,
								"penalty": 0.0
							},
							{
								"assistanceType": "solution",
								"availableSinceAttempt": -1,
								"penalty": 0.0
							},
							{
								"assistanceType": "listOfAccounts",
								"availableSinceAttempt": 1,
								"penalty": 0.0
							},
							{
								"assistanceType": "answer",
								"availableSinceAttempt": -1,
								"penalty": 0.0
							},
							{
								"assistanceType": "reference",
								"availableSinceAttempt": 1,
								"penalty": 0.0
							}
						],
						"evaluationPolicy": {
							"unitsWeight": 0.1,
							"numericPolicy": {
								"defaultTolerance": 2,
								"enableQuestionLevelTolerance": false,
								"enableQuestionLevelSignificantDigits": false,
								"showToleranceInfo": true,
								"significantDigitsInfo": "specific",
								"significantDigitsHelp": "passive"
							}
						},
						"shuffleResponseLabels": true
					},
					"published": true,
					"type": 0,
					"itemId": "97600f8e-b380-47e0-b0ce-25be86083223"
				},
				{
					"itemCardId": "1fcea3a9-a784-4d39-96a8-f920b0852558",
					"policies": {
						"attemptPolicy": {
							"maxAttempts": 3,
							"attemptPenalty": {
								"attempt": 3,
								"penalty": 0.0
							}
						},
						"algorithmCalculationMode": "sameValues",
						"assistancePolicies": [
							{
								"assistanceType": "hint",
								"availableSinceAttempt": 2,
								"penalty": 0.0
							},
							{
								"assistanceType": "solution",
								"availableSinceAttempt": -1,
								"penalty": 0.0
							},
							{
								"assistanceType": "listOfAccounts",
								"availableSinceAttempt": 1,
								"penalty": 0.0
							},
							{
								"assistanceType": "answer",
								"availableSinceAttempt": -1,
								"penalty": 0.0
							},
							{
								"assistanceType": "reference",
								"availableSinceAttempt": 1,
								"penalty": 0.0
							}
						],
						"evaluationPolicy": {
							"unitsWeight": 0.1,
							"numericPolicy": {
								"defaultTolerance": 2,
								"enableQuestionLevelTolerance": false,
								"enableQuestionLevelSignificantDigits": false,
								"showToleranceInfo": true,
								"significantDigitsInfo": "specific",
								"significantDigitsHelp": "passive"
							}
						},
						"shuffleResponseLabels": true
					},
					"published": true,
					"type": 0,
					"itemId": "eaa8c792-fce7-45bd-93a4-316bc002ec40"
				},
				{
					"itemCardId": "1bb37a62-a03a-4289-a59f-cff882486437",
					"policies": {
						"attemptPolicy": {
							"maxAttempts": 3,
							"attemptPenalty": {
								"attempt": 3,
								"penalty": 0.0
							}
						},
						"algorithmCalculationMode": "sameValues",
						"assistancePolicies": [
							{
								"assistanceType": "hint",
								"availableSinceAttempt": 2,
								"penalty": 0.0
							},
							{
								"assistanceType": "solution",
								"availableSinceAttempt": -1,
								"penalty": 0.0
							},
							{
								"assistanceType": "listOfAccounts",
								"availableSinceAttempt": 1,
								"penalty": 0.0
							},
							{
								"assistanceType": "answer",
								"availableSinceAttempt": -1,
								"penalty": 0.0
							},
							{
								"assistanceType": "reference",
								"availableSinceAttempt": 1,
								"penalty": 0.0
							}
						],
						"evaluationPolicy": {
							"unitsWeight": 0.1,
							"numericPolicy": {
								"defaultTolerance": 2,
								"enableQuestionLevelTolerance": false,
								"enableQuestionLevelSignificantDigits": false,
								"showToleranceInfo": true,
								"significantDigitsInfo": "specific",
								"significantDigitsHelp": "passive"
							}
						},
						"shuffleResponseLabels": true
					},
					"published": true,
					"type": 0,
					"itemId": "cb9ef4a1-f3de-4b3c-80fe-3335d459fe43"
				},
				{
					"itemCardId": "074d9d6e-01b0-4b3c-952c-c22695fe36a9",
					"policies": {
						"attemptPolicy": {
							"maxAttempts": 3,
							"attemptPenalty": {
								"attempt": 3,
								"penalty": 0.0
							}
						},
						"algorithmCalculationMode": "sameValues",
						"assistancePolicies": [
							{
								"assistanceType": "hint",
								"availableSinceAttempt": 2,
								"penalty": 0.0
							},
							{
								"assistanceType": "solution",
								"availableSinceAttempt": -1,
								"penalty": 0.0
							},
							{
								"assistanceType": "listOfAccounts",
								"availableSinceAttempt": 1,
								"penalty": 0.0
							},
							{
								"assistanceType": "answer",
								"availableSinceAttempt": -1,
								"penalty": 0.0
							},
							{
								"assistanceType": "reference",
								"availableSinceAttempt": 1,
								"penalty": 0.0
							}
						],
						"evaluationPolicy": {
							"unitsWeight": 0.1,
							"numericPolicy": {
								"defaultTolerance": 2,
								"enableQuestionLevelTolerance": false,
								"enableQuestionLevelSignificantDigits": false,
								"showToleranceInfo": true,
								"significantDigitsInfo": "specific",
								"significantDigitsHelp": "passive"
							}
						},
						"shuffleResponseLabels": true
					},
					"published": true,
					"type": 0,
					"itemId": "b1a92470-aac8-46e3-b394-57e38abf2467"
				},
				{
					"itemCardId": "8c333ce5-aa14-494a-b8d4-f4c8176bd1e1",
					"policies": {
						"attemptPolicy": {
							"maxAttempts": 3,
							"attemptPenalty": {
								"attempt": 3,
								"penalty": 0.0
							}
						},
						"algorithmCalculationMode": "sameValues",
						"assistancePolicies": [
							{
								"assistanceType": "hint",
								"availableSinceAttempt": 2,
								"penalty": 0.0
							},
							{
								"assistanceType": "solution",
								"availableSinceAttempt": -1,
								"penalty": 0.0
							},
							{
								"assistanceType": "listOfAccounts",
								"availableSinceAttempt": 1,
								"penalty": 0.0
							},
							{
								"assistanceType": "answer",
								"availableSinceAttempt": -1,
								"penalty": 0.0
							},
							{
								"assistanceType": "reference",
								"availableSinceAttempt": 1,
								"penalty": 0.0
							}
						],
						"evaluationPolicy": {
							"unitsWeight": 0.1,
							"numericPolicy": {
								"defaultTolerance": 2,
								"enableQuestionLevelTolerance": false,
								"enableQuestionLevelSignificantDigits": false,
								"showToleranceInfo": true,
								"significantDigitsInfo": "specific",
								"significantDigitsHelp": "passive"
							}
						},
						"shuffleResponseLabels": true
					},
					"published": true,
					"type": 0,
					"itemId": "3232acf0-d249-4244-bd1b-da29380ae623"
				},
				{
					"itemCardId": "d55559dd-cd71-495e-9f90-5b6d1c839274",
					"policies": {
						"attemptPolicy": {
							"maxAttempts": 3,
							"attemptPenalty": {
								"attempt": 3,
								"penalty": 0.0
							}
						},
						"algorithmCalculationMode": "sameValues",
						"assistancePolicies": [
							{
								"assistanceType": "hint",
								"availableSinceAttempt": 2,
								"penalty": 0.0
							},
							{
								"assistanceType": "solution",
								"availableSinceAttempt": -1,
								"penalty": 0.0
							},
							{
								"assistanceType": "listOfAccounts",
								"availableSinceAttempt": 1,
								"penalty": 0.0
							},
							{
								"assistanceType": "answer",
								"availableSinceAttempt": -1,
								"penalty": 0.0
							},
							{
								"assistanceType": "reference",
								"availableSinceAttempt": 1,
								"penalty": 0.0
							}
						],
						"evaluationPolicy": {
							"unitsWeight": 0.1,
							"numericPolicy": {
								"defaultTolerance": 2,
								"enableQuestionLevelTolerance": false,
								"enableQuestionLevelSignificantDigits": false,
								"showToleranceInfo": true,
								"significantDigitsInfo": "specific",
								"significantDigitsHelp": "passive"
							}
						},
						"shuffleResponseLabels": true
					},
					"published": true,
					"type": 0,
					"itemId": "506c893d-8bff-407f-ba1a-5ee450ddba22"
				},
				{
					"itemCardId": "8542830c-5196-44b3-ad82-e565640035c6",
					"policies": {
						"attemptPolicy": {
							"maxAttempts": 3,
							"attemptPenalty": {
								"attempt": 3,
								"penalty": 0.0
							}
						},
						"algorithmCalculationMode": "sameValues",
						"assistancePolicies": [
							{
								"assistanceType": "hint",
								"availableSinceAttempt": 2,
								"penalty": 0.0
							},
							{
								"assistanceType": "solution",
								"availableSinceAttempt": -1,
								"penalty": 0.0
							},
							{
								"assistanceType": "listOfAccounts",
								"availableSinceAttempt": 1,
								"penalty": 0.0
							},
							{
								"assistanceType": "answer",
								"availableSinceAttempt": -1,
								"penalty": 0.0
							},
							{
								"assistanceType": "reference",
								"availableSinceAttempt": 1,
								"penalty": 0.0
							}
						],
						"evaluationPolicy": {
							"unitsWeight": 0.1,
							"numericPolicy": {
								"defaultTolerance": 2,
								"enableQuestionLevelTolerance": false,
								"enableQuestionLevelSignificantDigits": false,
								"showToleranceInfo": true,
								"significantDigitsInfo": "specific",
								"significantDigitsHelp": "passive"
							}
						},
						"shuffleResponseLabels": true
					},
					"published": true,
					"type": 0,
					"itemId": "42aeced4-5369-451e-897b-aa02b042f2e4"
				}
			],
			"creationDate": "2019-09-27T09:16:58.086Z",
			"modificationDate": "2019-09-27T09:17:39.854Z",
			"version": 0,
			"syncProgress": null,
			"deleted": false,
			"orgIds": [],
			"aPolicies": null
		}
	]
}